se10.biz,,,biz
iqbroker.com,,scam trading web,com
negrall.com,,,com
bestbonus-zone.life,,iqbroker series,life
find-top-prizes-here.life,,,life
qabayz.site,,,site
theironnews.site,,,site
agreebetteriron.top,,top,top
choosewidethus.top,,top,top
gamesowhose.top,,top,top
highsendwest.top ,,top,top
listensomebodysafe.top ,,top,top
provestringremember.top,,top,top
rangegunbroad.top,,top,top
selfelementcow.top,,top,top
wherechargefresh.top,,top,top
cacnka.xyz,,viewty.xyz,xyz
file-sharing2022.xyz,,negrall.com,xyz
himixz.xyz,,tworks.xyz,xyz
keecnya.xyz,,viewty.xyz,xyz
minutepatternbook.xyz,,,xyz
planetsuddenradio.xyz,,find-top-prizes-here.life,xyz
ppcnzi.xyz,,viewty.xyz,xyz
procnw.xyz,,viewty.xyz,xyz
replydiscusstool.xyz,,,xyz
tworks.xyz,,,xyz
viewty.xyz,,,xyz
weartradefamous.xyz,,,xyz
yardwarmine.xyz,,,xyz
